id,name,read,pattern,sequence,feature_type
C0006,anti-human_CD86,R2,5PNNNNNNNNNN(BC),GTCTTTGTCAGTGCA,Antibody Capture
C0007,"anti-human_CD274_(B7-H1,_PD-L1)",R2,5PNNNNNNNNNN(BC),GTTGTCCGACAATAC,Antibody Capture
C0020,"anti-human_CD270_(HVEM,_TR2)",R2,5PNNNNNNNNNN(BC),TGATAGAAACAGACC,Antibody Capture
C0023,anti-human_CD155_(PVR),R2,5PNNNNNNNNNN(BC),ATCACATCGTTGCCA,Antibody Capture
C0024,anti-human_CD112_(Nectin-2),R2,5PNNNNNNNNNN(BC),AACCTTCCGTCTAAG,Antibody Capture
C0026,anti-human_CD47,R2,5PNNNNNNNNNN(BC),GCATTCTGTCACCTA,Antibody Capture
C0029,anti-human_CD48,R2,5PNNNNNNNNNN(BC),CTACGACGTAGAAGA,Antibody Capture
C0031,anti-human_CD40,R2,5PNNNNNNNNNN(BC),CTCAGATGGAGTATG,Antibody Capture
C0032,anti-human_CD154,R2,5PNNNNNNNNNN(BC),GCTAGATAGATGCAA,Antibody Capture
C0033,anti-human_CD52,R2,5PNNNNNNNNNN(BC),CTTTGTACGAGCAAA,Antibody Capture
C0034,anti-human_CD3,R2,5PNNNNNNNNNN(BC),CTCATTGTAACTCCT,Antibody Capture
C0046,anti-human_CD8,R2,5PNNNNNNNNNN(BC),GCGCAACTTGATGAT,Antibody Capture
C0047,anti-human_CD56,R2,5PNNNNNNNNNN(BC),TCCTTTCCTGATAGG,Antibody Capture
C0050,anti-human_CD19,R2,5PNNNNNNNNNN(BC),CTGGGCAATTACTCG,Antibody Capture
C0052,anti-human_CD33,R2,5PNNNNNNNNNN(BC),TAACTCAGGGCCTAT,Antibody Capture
C0053,anti-human_CD11c,R2,5PNNNNNNNNNN(BC),TACGCCTATAACTTG,Antibody Capture
C0058,"anti-human_HLA-A,B,C",R2,5PNNNNNNNNNN(BC),TATGCGAGGCTTATC,Antibody Capture
C0063,anti-human_CD45RA,R2,5PNNNNNNNNNN(BC),TCAATCCTTCCGCTT,Antibody Capture
C0064,anti-human_CD123,R2,5PNNNNNNNNNN(BC),CTTCACTCTGTCAGG,Antibody Capture
C0066,anti-human_CD7,R2,5PNNNNNNNNNN(BC),TGGATTCCCGGACTT,Antibody Capture
C0068,anti-human_CD105,R2,5PNNNNNNNNNN(BC),ATCGTCGAGAGCTAG,Antibody Capture
C0070,anti-human/mouse_CD49f,R2,5PNNNNNNNNNN(BC),TTCCGAGGATGATCT,Antibody Capture
C0071,anti-human_CD194_(CCR4),R2,5PNNNNNNNNNN(BC),AGCTTACCTGCACGA,Antibody Capture
C0072,anti-human_CD4,R2,5PNNNNNNNNNN(BC),TGTTCCCGCTCAACT,Antibody Capture
C0073,anti-mouse/human_CD44,R2,5PNNNNNNNNNN(BC),TGGCTTCAGGTCCTA,Antibody Capture
C0081,anti-human_CD14,R2,5PNNNNNNNNNN(BC),TCTCAGACCTCCGTA,Antibody Capture
C0083,anti-human_CD16,R2,5PNNNNNNNNNN(BC),AAGTTCACTCTTTGC,Antibody Capture
C0085,anti-human_CD25,R2,5PNNNNNNNNNN(BC),TTTGTCCTGTACGCC,Antibody Capture
C0087,anti-human_CD45RO,R2,5PNNNNNNNNNN(BC),CTCCGAATCATGTTG,Antibody Capture
C0088,anti-human_CD279_(PD-1),R2,5PNNNNNNNNNN(BC),ACAGCGCCGTATTTA,Antibody Capture
C0089,anti-human_TIGIT_(VSTM3),R2,5PNNNNNNNNNN(BC),TTGCTTACCGCCAGA,Antibody Capture
C0090,"Mouse_IgG1,_κ_isotype_Ctrl",R2,5PNNNNNNNNNN(BC),GCCGGACGACATTAA,Antibody Capture
C0091,"Mouse_IgG2a,_κ_isotype_Ctrl",R2,5PNNNNNNNNNN(BC),CTCCTACCTAAACTG,Antibody Capture
C0092,"Mouse_IgG2b,_κ_isotype_Ctrl",R2,5PNNNNNNNNNN(BC),ATATGTATCACGCGA,Antibody Capture
C0095,"Rat_IgG2b,_κ_Isotype_Ctrl",R2,5PNNNNNNNNNN(BC),GATTCTTGACGACCT,Antibody Capture
C0100,anti-human_CD20,R2,5PNNNNNNNNNN(BC),TTCTGGGTCCCTAGA,Antibody Capture
C0101,anti-human_CD335_(NKp46),R2,5PNNNNNNNNNN(BC),ACAATTTGAACAGCG,Antibody Capture
C0124,anti-human_CD31,R2,5PNNNNNNNNNN(BC),ACCTTTATGCCACGG,Antibody Capture
C0134,anti-human_CD146,R2,5PNNNNNNNNNN(BC),CCTTGGATAACATCA,Antibody Capture
C0136,anti-human_IgM,R2,5PNNNNNNNNNN(BC),TAGCGAGCCCGTATA,Antibody Capture
C0138,anti-human_CD5,R2,5PNNNNNNNNNN(BC),CATTAACGGGATGCC,Antibody Capture
C0140,anti-human_CD183_(CXCR3),R2,5PNNNNNNNNNN(BC),GCGATGGTAGATTAT,Antibody Capture
C0141,anti-human_CD195_(CCR5),R2,5PNNNNNNNNNN(BC),CCAAAGTAAGAGCCA,Antibody Capture
C0142,anti-human_CD32,R2,5PNNNNNNNNNN(BC),GCTTCCGAATTACCG,Antibody Capture
C0143,anti-human_CD196_(CCR6),R2,5PNNNNNNNNNN(BC),GATCCCTTTGTCACT,Antibody Capture
C0144,anti-human_CD185_(CXCR5),R2,5PNNNNNNNNNN(BC),AATTCAACCGTCGCC,Antibody Capture
C0145,anti-human_CD103_(Integrin_αE),R2,5PNNNNNNNNNN(BC),GACCTCATTGTGAAT,Antibody Capture
C0146,anti-human_CD69,R2,5PNNNNNNNNNN(BC),GTCTCTTGGCTTAAA,Antibody Capture
C0147,anti-human_CD62L,R2,5PNNNNNNNNNN(BC),GTCCCTGCAACTTGA,Antibody Capture
C0149,anti-human_CD161,R2,5PNNNNNNNNNN(BC),GTACGCAGTCCTTCT,Antibody Capture
C0151,anti-human_CD152_(CTLA-4),R2,5PNNNNNNNNNN(BC),ATGGTTCACGTAATC,Antibody Capture
C0152,anti-human_CD223_(LAG-3),R2,5PNNNNNNNNNN(BC),CATTTGTCTGCCGGT,Antibody Capture
C0153,anti-human_KLRG1_(MAFA),R2,5PNNNNNNNNNN(BC),CTTATTTCCTGCCCT,Antibody Capture
C0154,anti-human_CD27,R2,5PNNNNNNNNNN(BC),GCACTCCTGCATGTA,Antibody Capture
C0155,anti-human_CD107a_(LAMP-1),R2,5PNNNNNNNNNN(BC),CAGCCCACTGCAATA,Antibody Capture
C0156,anti-human_CD95_(Fas),R2,5PNNNNNNNNNN(BC),CCAGCTCATTAGAGC,Antibody Capture
C0158,anti-human_CD134_(OX40),R2,5PNNNNNNNNNN(BC),AACCCACCGTTGTTA,Antibody Capture
C0159,anti-human_HLA-DR,R2,5PNNNNNNNNNN(BC),AATAGCGAGCAAGTA,Antibody Capture
C0160,anti-human_CD1c,R2,5PNNNNNNNNNN(BC),GAGCTACTTCACTCG,Antibody Capture
C0161,anti-human_CD11b,R2,5PNNNNNNNNNN(BC),GACAAGTGATCTGCA,Antibody Capture
C0162,anti-human_CD64,R2,5PNNNNNNNNNN(BC),AAGTATGCCCTACGA,Antibody Capture
C0163,anti-human_CD141_(Thrombomodulin),R2,5PNNNNNNNNNN(BC),GGATAACCGCGCTTT,Antibody Capture
C0164,anti-human_CD1d,R2,5PNNNNNNNNNN(BC),TCGAGTCGCTTATCA,Antibody Capture
C0165,anti-human_CD314_(NKG2D),R2,5PNNNNNNNNNN(BC),CGTGTTTGTTCCTCA,Antibody Capture
C0167,anti-human_CD35,R2,5PNNNNNNNNNN(BC),ACTTCCGTCGATCTT,Antibody Capture
C0168,anti-human_CD57_Recombinant,R2,5PNNNNNNNNNN(BC),AACTCCCTATGGAGG,Antibody Capture
C0170,anti-human_CD272_(BTLA),R2,5PNNNNNNNNNN(BC),GTTATTGGACTAAGG,Antibody Capture
C0171,anti-human/mouse/rat_CD278_(ICOS),R2,5PNNNNNNNNNN(BC),CGCGCACCCATTAAA,Antibody Capture
C0174,anti-human_CD58_(LFA-3),R2,5PNNNNNNNNNN(BC),GTTCCTATGGACGAC,Antibody Capture
C0176,anti-human_CD39,R2,5PNNNNNNNNNN(BC),TTACCTGGTATCCGT,Antibody Capture
C0179,anti-human_CX3CR1,R2,5PNNNNNNNNNN(BC),AGTATCGTCTCTGGG,Antibody Capture
C0180,anti-human_CD24,R2,5PNNNNNNNNNN(BC),AGATTCCTTCGTGTT,Antibody Capture
C0181,anti-human_CD21,R2,5PNNNNNNNNNN(BC),AACCTAGTAGTTCGG,Antibody Capture
C0185,anti-human_CD11a,R2,5PNNNNNNNNNN(BC),TATATCCTTGTGAGC,Antibody Capture
C0187,anti-human_CD79b_(Igβ),R2,5PNNNNNNNNNN(BC),ATTCTTCAACCGAAG,Antibody Capture
C0189,anti-human_CD244_(2B4),R2,5PNNNNNNNNNN(BC),TCGCTTGGATGGTAG,Antibody Capture
C0206,"anti-human_CD169_(Sialoadhesin,_Siglec-1)",R2,5PNNNNNNNNNN(BC),TACTCAGCGTGTTTG,Antibody Capture
C0214,anti-human/mouse_integrin_β7,R2,5PNNNNNNNNNN(BC),TCCTTGGATGTACCG,Antibody Capture
C0215,anti-human_CD268_(BAFF-R),R2,5PNNNNNNNNNN(BC),CGAAGTCGATCCGTA,Antibody Capture
C0216,anti-human_CD42b,R2,5PNNNNNNNNNN(BC),TCCTAGTACCGAAGT,Antibody Capture
C0217,anti-human_CD54,R2,5PNNNNNNNNNN(BC),CTGATAGACTTGAGT,Antibody Capture
C0218,anti-human_CD62P_(P-Selectin),R2,5PNNNNNNNNNN(BC),CCTTCCGTATCCCTT,Antibody Capture
C0219,anti-human_CD119_(IFN-γ_R_α_chain),R2,5PNNNNNNNNNN(BC),TGTGTATTCCCTTGT,Antibody Capture
C0224,anti-human_TCR_α/β,R2,5PNNNNNNNNNN(BC),CGTAACGTAGAGCGA,Antibody Capture
C0236,"Rat_IgG1,_κ_isotype_Ctrl",R2,5PNNNNNNNNNN(BC),ATCAGATGCCCTCAT,Antibody Capture
C0238,"Rat_IgG2a,_κ_Isotype_Ctrl",R2,5PNNNNNNNNNN(BC),AAGTCAGGTTCGTTT,Antibody Capture
C0241,Armenian_Hamster_IgG_Isotype_Ctrl,R2,5PNNNNNNNNNN(BC),CCTGTCATTAAGACT,Antibody Capture
C0246,anti-human_CD122_(IL-2Rβ),R2,5PNNNNNNNNNN(BC),TCATTTCCTCCGATT,Antibody Capture
C0247,anti-human_CD267_(TACI),R2,5PNNNNNNNNNN(BC),AGTGATGGAGCGAAC,Antibody Capture
C0352,anti-human_FcεRIα,R2,5PNNNNNNNNNN(BC),CTCGTTTCCGTATCG,Antibody Capture
C0353,anti-human_CD41,R2,5PNNNNNNNNNN(BC),ACGTTGTGGCCTTGT,Antibody Capture
C0355,anti-human_CD137_(4-1BB),R2,5PNNNNNNNNNN(BC),CAGTAAGTTCGGGAC,Antibody Capture
C0358,anti-human_CD163,R2,5PNNNNNNNNNN(BC),GCTTCTCCTTCCTTA,Antibody Capture
C0359,anti-human_CD83,R2,5PNNNNNNNNNN(BC),CCACTCATTTCCGGT,Antibody Capture
C0363,anti-human_CD124_(IL-4Rα),R2,5PNNNNNNNNNN(BC),CCGTCCTGATAGATG,Antibody Capture
C0364,anti-human_CD13,R2,5PNNNNNNNNNN(BC),TTTCAACGCCCTTTC,Antibody Capture
C0367,anti-human_CD2,R2,5PNNNNNNNNNN(BC),TACGATTTGTCAGGG,Antibody Capture
C0368,anti-human_CD226_(DNAM-1),R2,5PNNNNNNNNNN(BC),TCTCAGTGTTTGTGG,Antibody Capture
C0369,anti-human_CD29,R2,5PNNNNNNNNNN(BC),GTATTCCCTCAGTCA,Antibody Capture
C0370,anti-human_CD303_(BDCA-2),R2,5PNNNNNNNNNN(BC),GAGATGTCCGAATTT,Antibody Capture
C0371,anti-human_CD49b,R2,5PNNNNNNNNNN(BC),GCTTTCTTCAGTATG,Antibody Capture
C0373,anti-human_CD81_(TAPA-1),R2,5PNNNNNNNNNN(BC),GTATCCTTCCTTGGC,Antibody Capture
C0384,anti-human_IgD,R2,5PNNNNNNNNNN(BC),CAGTCTCCGTAGAGT,Antibody Capture
C0385,anti-human_CD18,R2,5PNNNNNNNNNN(BC),TATTGGGACACTTCT,Antibody Capture
C0386,anti-human_CD28,R2,5PNNNNNNNNNN(BC),TGAGAACGACCCTAA,Antibody Capture
C0389,anti-human_CD38,R2,5PNNNNNNNNNN(BC),TGTACCCGCTTGTGA,Antibody Capture
C0390,anti-human_CD127_(IL-7Rα),R2,5PNNNNNNNNNN(BC),GTGTGTTGTCCTATG,Antibody Capture
C0391,anti-human_CD45,R2,5PNNNNNNNNNN(BC),TGCAATTACCCGGAT,Antibody Capture
C0393,anti-human_CD22,R2,5PNNNNNNNNNN(BC),GGGTTGTTGTCTTTG,Antibody Capture
C0394,anti-human_CD71,R2,5PNNNNNNNNNN(BC),CCGTGTTCCTCATTA,Antibody Capture
C0396,anti-human_CD26,R2,5PNNNNNNNNNN(BC),GGTGGCTAGATAATG,Antibody Capture
C0407,anti-human_CD36,R2,5PNNNNNNNNNN(BC),TTCTTTGCCTTGCCA,Antibody Capture
C0420,anti-human_CD158_(KIR2DL1/S1/S3/S5),R2,5PNNNNNNNNNN(BC),TATCAACCAACGCTT,Antibody Capture
C0575,anti-human_CD49a,R2,5PNNNNNNNNNN(BC),ACTGATGGACTCAGA,Antibody Capture
C0576,anti-human_CD49d,R2,5PNNNNNNNNNN(BC),CCATTCAACTTCCGG,Antibody Capture
C0577,anti-human_CD73_(Ecto-5'-nucleotidase),R2,5PNNNNNNNNNN(BC),CAGTTCCTCAGTTCG,Antibody Capture
C0581,anti-human_TCR_Vα7.2,R2,5PNNNNNNNNNN(BC),TACGAGCAGTATTCA,Antibody Capture
C0582,anti-human_TCR_Vδ2,R2,5PNNNNNNNNNN(BC),TCAGTCAGATGGTAT,Antibody Capture
C0591,anti-human_LOX-1,R2,5PNNNNNNNNNN(BC),ACCCTTTACCGAATA,Antibody Capture
C0592,"anti-human_CD158b_(KIR2DL2/L3,_NKAT2)",R2,5PNNNNNNNNNN(BC),GACCCGTAGTTTGAT,Antibody Capture
C0599,"anti-human_CD158e1_(KIR3DL1,_NKB1)",R2,5PNNNNNNNNNN(BC),GGACGCTTTCCTTGA,Antibody Capture
C0830,anti-human_CD319_(CRACC),R2,5PNNNNNNNNNN(BC),AGTATGCCATGTCTT,Antibody Capture
C0845,anti-human_CD99,R2,5PNNNNNNNNNN(BC),ACCCGTCCCTAAGAA,Antibody Capture
C0853,anti-human_CLEC12A,R2,5PNNNNNNNNNN(BC),CATTAGAGTCTGCCA,Antibody Capture
C0864,anti-human_CD352_(NTB-A),R2,5PNNNNNNNNNN(BC),AGTTTCCACTCAGGC,Antibody Capture
C0867,anti-human_CD94,R2,5PNNNNNNNNNN(BC),CTTTCCGGTCCTACA,Antibody Capture
C0894,anti-human_Ig_light_chain_κ,R2,5PNNNNNNNNNN(BC),AGCTCAGCCAGTATG,Antibody Capture
C0896,anti-human_CD85j_(ILT2),R2,5PNNNNNNNNNN(BC),CCTTGTGAGGCTATG,Antibody Capture
C0897,anti-human_CD23,R2,5PNNNNNNNNNN(BC),TCTGTATAACCGTCT,Antibody Capture
C0898,anti-human_Ig_light_chain_λ,R2,5PNNNNNNNNNN(BC),CAGCCAGTAAGTCAC,Antibody Capture
C0902,anti-human_CD328_(Siglec-7),R2,5PNNNNNNNNNN(BC),CTTAGCATTTCACTG,Antibody Capture
C0912,anti-human_GPR56,R2,5PNNNNNNNNNN(BC),GCCTAGTTTCCGTTT,Antibody Capture
C0918,anti-human_HLA-E,R2,5PNNNNNNNNNN(BC),GAGTCGAGAAATCAT,Antibody Capture
C0920,anti-human_CD82,R2,5PNNNNNNNNNN(BC),TCCCACTTCCGCTTT,Antibody Capture
C0944,anti-human_CD101_(BB27),R2,5PNNNNNNNNNN(BC),CTACTTCCCTGTCAA,Antibody Capture
C1046,anti-human_CD88_(C5aR),R2,5PNNNNNNNNNN(BC),GCCGCATGAGAAACA,Antibody Capture
C1052,anti-human_CD224,R2,5PNNNNNNNNNN(BC),CTGATGAGATGTCAG,Antibody Capture
C1374,CD159a/NKG2A,R2,5PNNNNNNNNNN(BC),CAACTCCTGGGACTT,Antibody Capture
C0054,CD34,R2,5PNNNNNNNNNN(BC),GCAGAAATCTCCCTT,Antibody Capture
C0061,CD117/c-kit,R2,5PNNNNNNNNNN(BC),AGACTAATAGCTGAC,Antibody Capture
